id_referee,name_of_referee,surname_of_referee ,date_of_birth_referee 
1,Margo,Brimblecomb,1981-08-05
2,Maure,Fawckner,1997-03-07
3,Magdalene,Runcie,2001-11-29
4,Diane,Drew-Clifton,1993-04-20
5,Braden,Guerrazzi,1985-06-13
6,Kenneth,Aleksandrev,2000-10-28
7,Gaye,Courtliff,1987-01-31
8,Krishnah,Burtonwood,2002-11-02
9,Eda,Larrett,1993-08-17
10,Bartholomeus,Churchouse,1991-08-09
11,Audrey,Klamp,1989-09-08
12,Irwinn,Mickan,1982-08-02
13,Margareta,Baudrey,1994-06-13
14,Theresa,Budd,1982-06-22
15,Twila,Balkwill,1982-07-11
16,Ellswerth,Denington,1998-03-18
17,Barron,Bryce,1987-11-05
18,Ole,Birchner,1995-03-24
19,Heida,Wagner,1982-12-18
20,Clemmy,Garnul,1988-11-18
21,Hedy,Gorler,1990-01-10
22,Margi,Birkin,1985-09-24
23,Caitrin,Covelle,1998-09-14
24,Shawna,Dyball,2002-12-29
25,Mandy,Wyllcocks,1991-08-25
26,Corie,Eton,1977-11-03
27,Freedman,Ordelt,1987-01-24
28,Galvin,Cridge,1999-10-08
29,Arlen,Fowgies,2001-08-28
30,Jerri,Bransdon,1989-10-24
31,Addison,Inglesent,1985-11-28
32,Tish,Klugel,1989-09-08
33,Robin,Bourrel,1980-09-29
34,Zedekiah,Van Velden,1992-03-11
35,Lorena,Swanborough,1989-12-26
36,Nickolaus,Seathwright,1981-04-09
37,Farrah,McDunlevy,1977-05-07
38,Malorie,Attack,1979-10-02
39,Massimiliano,Hurll,1988-11-11
40,Thornton,Willock,1981-06-02
41,Constantine,Antwis,1995-05-06
42,Carver,Charlotte,1981-10-06
43,Dolf,Skirven,1978-08-06
44,Lodovico,Icom,1989-10-29
45,Roberto,Greenman,2003-08-17
46,Caroljean,Biasi,1995-08-16
47,Sid,Ambroz,1987-04-26
48,Derwin,Ostrich,1977-06-13
49,Creigh,Carnie,1997-11-05
50,Evie,Creagh,1990-11-11
51,Hallie,Kadwallider,1996-04-16
52,Arte,Been,1993-11-18
53,Rubia,Crosse,1992-09-21
54,Mathew,Postans,1991-06-06
55,Lou,Grundon,1991-11-11
56,Harriet,Risebarer,1988-08-15
57,Petronia,Rutgers,1990-07-03
58,Averell,Eiler,1979-02-15
59,Bevin,Prinn,1993-02-25
60,Emogene,Gloyens,1987-10-31
61,Winna,Perrinchief,1982-08-23
62,Mathias,Volant,1979-01-04
63,Alverta,Gorsse,2002-12-25
64,Emili,Gai,1987-04-25
65,Maren,Wilde,1982-02-14
66,Diann,Getley,1985-01-03
67,Blakelee,Burleigh,1981-10-23
68,Tonye,Lack,1988-08-21
69,Angeli,Deacock,1988-12-08
70,Abigael,Betts,1985-05-29
71,Ricki,Greenhouse,2000-09-30
72,Oswald,Hatherill,1978-10-03
73,Kerk,Crole,1991-01-31
74,Richart,Stovell,1992-01-13
75,Marshall,Coldridge,1997-08-08
76,Brent,Bettaney,1995-05-26
77,Keary,Bunford,1988-01-24
78,Israel,Sarath,2000-06-11
79,Jourdain,Beccero,1999-12-25
80,Francoise,Gunning,1998-02-05
81,Mercedes,Leitch,1996-01-30
82,Phyllis,Janc,1979-07-05
83,Adrianna,Cristofol,2003-09-04
84,Sergei,Marzelo,1983-01-24
85,Werner,Offiler,1985-01-10
86,Wheeler,Paulson,2001-04-18
87,Alicia,Grigoryov,1984-05-05
88,Ethelind,Osan,2003-05-23
89,Mick,Burrus,1984-11-28
90,Emlynne,MacShane,2000-06-12
91,Auria,Karim,1996-12-27
92,Fae,Fibbit,1983-10-08
93,Roy,Hasslocher,1981-09-29
94,Druci,Sidery,1994-04-12
95,Parker,Stout,2000-03-08
96,Kimbell,Killiner,2003-06-07
97,Hermine,Howarth,1978-04-25
98,Davide,Offill,1978-07-23
99,Norene,Sprigings,1988-05-06
100,Kirstin,Coughlan,1979-04-14
101,Jerry,Caldaro,1982-01-20
102,Levon,Tolhurst,1985-07-11
103,Natalee,Monksfield,2001-08-25
104,Lionel,Daish,1979-09-02
105,Gard,Scobie,1992-07-17
106,Konrad,Schutter,1980-03-26
107,Pyotr,Cull,1983-01-16
108,Giraldo,Harriot,1993-08-12
109,Chloette,Twelvetree,1993-04-21
110,Maddie,Walsh,1990-08-03
111,Elysia,Dmiterko,1994-08-23
112,Angie,Densham,1999-03-23
113,Gabrielle,Dormer,1989-07-27
114,Dominica,Dowzell,1992-06-19
115,Chrissie,Croser,2004-12-02
116,Dredi,Winsor,1988-10-22
117,Lotti,Lydden,2001-04-18
118,Rickard,Earp,2000-06-20
119,Hughie,Pimerick,1978-04-24
120,Bamby,Kmieciak,1990-04-07
121,Rea,Hayhurst,1997-01-19
122,Glennie,Hartness,1990-09-03
123,Kermy,Trewhela,1979-11-06
124,Bentley,Emmison,1982-04-11
125,Reamonn,Dilliston,1981-10-02
126,Yoko,Waterman,2000-07-08
127,Bertine,Benoiton,1997-06-15
128,Anabel,Marton,1984-11-17
129,Almira,McTrustrie,2001-06-19
130,Irwin,Leipelt,1980-08-24
131,Fedora,Colin,1981-12-16
132,Nessi,Gersam,2004-02-11
133,Maynord,Bruni,1989-04-18
134,Olivie,Kittley,1995-09-26
135,Elyn,Sympson,1997-04-22
136,Aldus,Surplice,1983-07-09
137,Daren,Sarah,1978-12-31
138,Jephthah,Barbrook,1991-08-05
139,Desiree,Bachmann,1978-09-07
140,Fairlie,Garrals,2002-02-17
141,Krispin,Colaco,1984-12-21
142,Caye,Karpenko,1997-03-23
143,Clarabelle,Gohier,1984-02-12
144,Arabella,Corson,1978-10-25
145,Jolyn,Vollam,1992-01-13
146,Barney,Larver,1980-05-01
147,Erhard,Matussov,1999-06-30
148,Gerrie,Bettenay,1991-07-23
149,Cori,Lathleiff,1980-09-24
150,Deena,Antonazzi,1977-05-30
151,Ajay,Hutchin,2004-04-08
152,Tina,Oxlade,1989-10-14
153,Euphemia,Osinin,1979-12-28
154,Diena,Richin,1990-11-02
155,Cullan,Dinley,1994-01-22
156,Caz,Giovanizio,2000-05-14
157,Ida,Pollington,1998-12-24
158,Denys,Catanheira,1996-03-24
159,Laetitia,Alleway,1997-11-24
160,Terry,Aldham,1982-10-04
161,Lemmy,Hazel,1999-07-26
162,Prentiss,Turvie,1999-05-21
163,Davine,Benitti,2000-08-18
164,Erv,Grzegorzewski,1994-11-13
165,Corella,Gipps,1991-12-29
166,Brittni,Strettle,2001-06-08
167,Wallis,Hazleton,1982-04-05
168,Mackenzie,Egginson,1995-12-20
169,Alisa,Whild,1978-09-26
170,Eldridge,Blinco,2001-08-29
171,Fredericka,Thring,1994-01-07
172,Jeri,Cohrs,1990-08-21
173,Nora,Richley,2003-12-09
174,Morganne,Stubbe,1982-07-04
175,Lesly,Kimble,2002-02-18
176,Catlee,Pitman,1991-10-26
177,Tris,Holdin,1977-04-07
178,Babbie,Girardengo,1988-04-29
179,Read,Canape,1986-02-28
180,Tammie,Metzel,1998-12-25
181,Joane,Clewett,1997-04-22
182,Genovera,Giraldez,1986-04-07
183,Kyrstin,Jackes,2002-04-14
184,Nikolia,Stearns,1988-04-16
185,Anatola,Batkin,1989-01-28
186,Luisa,Liggins,1977-01-13
187,Gennie,Cordova,1982-08-30
188,Arther,Ferreli,1985-04-04
189,Somerset,Labrenz,2004-08-20
190,Eddie,Ivashintsov,1991-07-29
191,Ailina,Chevis,1980-01-18
192,Caesar,Wynch,1994-03-15
193,Natassia,Sehorsch,1991-11-07
194,Gabi,Mc Menamin,2004-08-11
195,Lizabeth,Rosenstock,1985-04-12
196,Che,Romanini,1990-03-17
197,Gui,Enstone,1979-06-12
198,Hermy,Borland,1992-01-31
199,Ibrahim,Nolleth,1984-07-17
200,Mehetabel,Bubb,1993-09-27
201,Ginger,Kerman,1991-05-17
202,Lilias,McCaughen,1988-07-16
203,Chrissy,Clapston,1988-07-23
204,Corby,Try,1987-12-20
205,Anne-marie,Glide,1983-01-05
206,Normie,O'Dowling,1999-06-26
207,Giralda,Cooke,1998-10-24
208,Woodrow,Chatelot,1984-10-18
209,Carlyn,Spenton,1978-06-19
210,Pollyanna,Damerell,1990-11-04
211,Doti,Desmond,1999-07-25
212,Drusi,Hinder,1980-12-21
213,Magdalena,Elcomb,1993-11-10
214,Kendre,Thresh,1990-08-31
215,Charlean,Brittles,2004-05-08
216,Mort,Oughtright,1982-03-21
217,Sarena,Reihm,1991-09-30
218,Loutitia,Blunsom,1984-09-09
219,Karon,Gilleon,2002-06-19
220,Pandora,Crompton,1993-03-08
221,Hilly,Buzine,1988-01-19
222,Bert,Pardoe,1978-05-20
223,Katuscha,Broggio,1991-12-28
224,Gale,Galletley,1985-09-24
225,Darell,Welham,1977-02-24
226,Fidel,Carwardine,1990-08-04
227,Elwyn,Meekins,1989-12-28
228,Lita,Geldart,1985-07-27
229,Gris,Danat,1999-07-10
230,Egan,Symes,2002-12-06
231,Alexia,Bindon,2004-02-10
232,Margret,Anstie,1986-12-04
233,Jami,Giacovelli,1989-09-03
234,Allys,Catto,1995-05-01
235,Hildagard,Billows,1984-04-27
236,Michele,McGaffey,1994-01-30
237,Danna,Bowick,1986-12-31
238,Tab,Derricoat,1982-06-24
239,Daisy,Durtnell,1989-07-15
240,Filippa,Tills,1987-02-17
241,Whitney,Palomba,1994-11-27
242,Korie,Foster,2000-08-06
243,Alameda,Frisdick,1982-03-24
244,Cindie,Guerreiro,1978-11-06
245,Anatola,Josefsohn,1986-01-16
246,Emlyn,Goalby,1993-01-16
247,Anallise,O'Hdirscoll,1985-11-12
248,Blanche,Ghest,1993-07-26
249,Gisele,MacCardle,1994-07-11
250,Dylan,Buncom,2004-07-30
251,Sena,Micklewicz,1981-08-02
252,Regan,Oehm,1996-09-07
253,Micky,Tampling,1999-03-22
254,Maia,Labbey,1999-03-12
255,Denver,Houlahan,1978-06-05
256,Romy,Kenright,1992-11-06
257,Rowan,Bourley,1996-11-25
258,Claybourne,Brandt,1978-07-24
259,Abagael,Clynmans,1985-05-05
260,Nahum,Hyman,1982-06-19
261,Mathias,Littlejohns,1983-11-28
262,Cornelius,Grayland,2002-12-27
263,Ranna,Chidzoy,1996-12-15
264,Charmine,Fyall,2001-02-05
265,Zonda,Burbudge,1989-09-28
266,Rita,Siss,1996-02-11
267,Tamas,Eastes,1996-03-03
268,Willette,Hubbert,1986-09-09
269,Trumaine,Stathor,1994-06-13
270,Antonino,Brehault,1977-01-15
271,Falkner,Basso,2004-11-19
272,Breena,Huntly,1992-05-09
273,Antonetta,Devonald,1983-06-08
274,Michel,Takkos,1985-08-13
275,Geoffry,Yaknov,1988-01-26
276,Rica,Rablen,1998-11-21
277,Isacco,Killimister,1987-10-06
278,Bradney,Petegre,2004-12-26
279,Ralina,Kensett,1983-03-04
280,Kippy,Dollard,1989-06-02
281,Lissi,Simes,1982-08-30
282,Berty,Faraday,1987-10-18
283,Sheffie,Rammell,1982-12-15
284,Hedvige,Caudrelier,1991-08-02
285,Alejandro,Onslow,1993-07-24
286,Karlen,Rawle,1977-05-30
287,Jobyna,Roseby,1996-08-07
288,Darrel,Farnall,1984-04-19
289,Andros,Decruse,1991-02-28
290,Pris,Patesel,1986-11-27
291,Reinwald,Domel,1984-03-02
292,Eugen,Sand,2001-04-25
293,Kathe,Linny,2003-11-06
294,Ricki,Othen,1993-09-20
295,Tonye,Crinson,2004-11-09
296,Quentin,Boagey,1985-01-15
297,Theo,Moizer,1990-12-19
298,Etan,Hainey`,1989-01-16
299,Christie,De Vere,1978-12-23
300,Clara,Divine,1999-04-04
301,Sonnie,Mincher,2000-10-09
302,Amalea,de Banke,1987-07-12
303,Cassi,Patria,1981-09-11
304,Annadiana,MacTrusty,1986-06-28
305,Erik,Rothchild,1999-01-11
306,Winn,Kilmurray,1994-01-15
307,Riki,Follan,2002-01-25
308,Auguste,Sawle,1991-01-18
309,Abagael,Court,1992-10-18
310,Antonie,Bardwell,1995-03-20
311,Odell,Raveau,1999-09-16
312,Meade,Scirman,1985-03-26
313,Nichole,Noteyoung,1989-05-05
314,Roma,Brodnecke,1987-02-06
315,Gilles,Glentworth,1998-06-26
316,Dotti,Croall,1981-01-13
317,Danit,Lorriman,1999-12-24
318,Aubine,Frisby,1982-11-27
319,Janene,Roset,1983-02-23
320,Bryna,Callow,1981-05-29
321,Collin,Garthside,2003-09-08
322,Colver,Holdall,1989-04-26
323,Guss,Egell,1987-12-02
324,Silvia,Battams,2000-05-02
325,Evonne,Burge,1998-04-22
326,Mahmud,Seedhouse,1982-04-13
327,Alvinia,Martinho,1983-03-17
328,Hewie,Morden,1994-01-21
329,Cynthy,Urpeth,1984-01-01
330,Blair,Johanssen,1997-08-16
331,Herschel,Holberry,1995-01-08
332,Salem,Ainsley,1987-01-23
333,Revkah,Bonham,1982-01-06
334,Laure,Folbigg,1987-04-27
335,Jere,Charlton,1987-10-15
336,Gnni,Elwin,1996-07-01
337,Agnes,Verheyden,1999-09-27
338,Arman,Rollitt,1999-09-08
339,Wayne,Toulson,2000-08-21
340,Brit,Aspital,1988-01-10
341,Pepito,Baptist,1988-04-22
342,Roxanna,Peacocke,1990-02-05
343,Kimbell,Beckley,1977-04-26
344,Alaric,Edison,1982-12-06
345,Jammie,Atcherley,1995-12-02
346,Darelle,Bousler,2002-12-14
347,Saw,Monck,1980-12-14
348,Giraud,Crowche,1982-06-27
349,Lexi,Cosbee,1997-08-24
350,Gil,Lyste,1988-05-30
351,Ibby,Youson,2003-06-15
352,Artus,McKaile,1999-12-17
353,Nealon,Woods,1999-02-01
354,Connie,Grewer,1985-05-15
355,Osborn,Hillen,2003-07-27
356,Gunther,Geall,1989-03-02
357,Doti,Lomax,2000-09-04
358,Chick,Canham,1994-10-21
359,Jaquenette,Lambard,1984-02-16
360,Judah,MacGowan,1984-07-28
361,Kleon,Spinetti,1985-10-10
362,Lusa,Stanlake,1995-10-17
363,Nikolas,Tinkler,1985-09-07
364,Germayne,Skelding,1990-05-21
365,Israel,Tilte,2002-12-27
366,Maggee,Broz,1989-06-26
367,Phoebe,Duckhouse,1977-11-04
368,Jaime,Brekonridge,1979-06-01
369,Warren,Scripps,2003-03-20
370,Niel,Kidwell,2003-02-15
371,Minnie,Pranger,1992-09-02
372,Darrel,Innis,2001-08-08
373,Giles,McGooch,1996-03-25
374,Jacqui,Dawes,1990-11-13
375,Elka,Yeend,1978-11-18
376,Aile,Crookes,1984-01-16
377,Wilton,Bellenie,1979-08-08
378,Jenilee,Dillimore,1991-06-25
379,Trent,Wharrier,1991-05-24
380,Erv,Dowears,1978-04-09
381,Chrysler,Cantero,1991-12-20
382,Brodie,Joss,1997-03-07
383,Merle,Clubbe,2003-11-09
384,Thaddus,Yerill,1984-05-30
385,Lizette,Clell,1986-12-28
386,Persis,Kahen,1977-03-15
387,Angela,Pollins,1993-08-18
388,Haskell,Froschauer,1996-09-16
389,Jethro,Ellicock,1998-06-03
390,Derick,Gercke,1986-12-03
391,Ike,Brattan,1982-10-21
392,Maddy,Joffe,1990-11-07
393,Arlee,Torrijos,1998-05-10
394,Sibeal,Moy,2003-03-18
395,Jaquenetta,Gyver,1991-04-27
396,Hallsy,Waszczyk,2003-02-01
397,Lanny,Landsberg,1987-11-01
398,Clemmie,Bottom,2004-04-11
399,Moreen,Zambon,1987-07-26
400,Elvina,Bossel,1981-09-26
401,Geralda,Inderwick,1997-09-17
402,Sharity,Drummond,1977-12-13
403,Allie,McGeouch,1985-05-11
404,Francois,Spurett,1991-07-17
405,Betsey,Pallaske,1985-05-31
406,Olivie,Mazillius,1988-10-13
407,Cecilia,Markwell,1984-03-07
408,Harriette,Rushforth,1985-10-06
409,Mair,Bauchop,1986-12-25
410,Malchy,Olding,1986-01-30
411,Ardelle,Bleier,1977-05-09
412,Birdie,Crumpe,1979-12-22
413,Dulcea,Ahlin,2000-05-29
414,Inglis,Sherred,1995-10-29
415,Bev,Shillom,1982-03-31
416,Aldo,Auld,1983-01-10
417,Clarence,Choldcroft,1987-09-24
418,Shae,Wakelin,1992-04-30
419,Delilah,Juzek,1989-07-02
420,Heywood,Nannetti,1988-06-17
421,Elbertine,Hutchens,2004-11-28
422,Wilie,Mattedi,1985-07-26
423,Ermin,Simonich,1980-10-25
424,Evaleen,Ansty,1988-04-17
425,Jaime,Jerratsch,1979-05-12
426,Porter,Hardwicke,1994-02-15
427,Karol,Bolderstone,1997-06-23
428,Giles,Brearty,2002-11-02
429,Roch,Kohnert,1999-04-30
430,Lancelot,McAughtrie,1991-12-30
431,Ruperta,Merlin,1994-09-01
432,Xavier,Mocker,1980-08-12
433,Page,Rossborough,2002-06-19
434,Flemming,Gobel,1980-08-16
435,Shirleen,Eblein,2004-12-06
436,Kirbie,Simionato,2002-03-12
437,Gael,Weepers,1996-08-03
438,Valencia,Dollar,1995-03-11
439,Bear,Kinder,1981-05-17
440,Lotti,Beadell,1996-10-28
441,Paco,Scattergood,1980-03-19
442,Margarethe,Unwins,1993-06-29
443,Neely,Climpson,1979-12-03
444,Horatio,Trayford,1983-09-11
445,Stanislas,Kendall,1981-03-18
446,Cindy,Kingscote,1978-04-22
447,Mina,Duffus,1983-06-06
448,Jenilee,Merill,1981-05-05
449,Starr,Lauxmann,1983-06-27
450,Bethena,Sterrie,1990-01-27
451,Skippie,Turley,1999-11-26
452,Carr,Freddi,1977-11-21
453,Ludovika,Bartholomieu,1993-06-20
454,Lesley,Timmermann,1991-05-26
455,Wiatt,Guiett,2000-04-20
456,Sunny,McAviy,2003-10-05
457,Erwin,Thireau,1978-07-10
458,Em,Studman,1986-03-17
459,Niel,Lidyard,1977-04-12
460,Adriano,Hinze,1987-05-19
461,Tarrah,Lagde,1993-04-20
462,Randal,Hedaux,1995-04-07
463,Friederike,Gallehawk,1982-04-13
464,Wilmar,Thripp,1981-12-28
465,Christin,Renfrew,2004-01-28
466,Conny,Perone,1988-09-12
467,Alyson,Pedlow,1982-09-27
468,Gregorio,Mulrean,1981-10-10
469,Blancha,Lytle,1984-04-08
470,Romola,Quantick,1994-10-26
471,Ruperta,Scimonelli,1994-09-02
472,Hodge,Laurens,1984-10-25
473,Dougie,Labrom,1999-01-31
474,Lalo,Glennon,1985-06-05
475,Hew,Douch,1977-01-08
476,Henriette,Dedam,1983-07-22
477,Milissent,Huckett,1997-01-18
478,Efrem,Redparth,1979-07-11
479,Rania,Bebis,1984-08-05
480,Iseabal,Velde,1991-06-02
481,Marten,Plaide,1984-10-09
482,Arden,Hagyard,2003-06-22
483,Thane,Wernher,1983-04-12
484,Helenka,Boynton,1979-03-25
485,Ingunna,Hamlyn,1997-12-28
486,Dwayne,Gelletly,1991-10-23
487,Wyn,Hanrott,1987-11-16
488,Mallory,Dombrell,1981-01-04
489,Quill,Jerman,1993-09-10
490,Erroll,Balmforth,1991-01-29
491,Georg,Sigward,1998-02-13
492,Dionis,Capelin,2003-01-06
493,Shanta,Handyside,2004-06-12
494,Eleonora,Douberday,1988-07-01
495,Yelena,Malatalant,1992-02-18
496,Cathee,Sheppey,1991-03-26
497,Roxane,Filippazzo,1997-08-29
498,Nikkie,Kidde,1979-04-10
499,Dana,McVeagh,1989-05-21
500,Raymund,Ricardot,1991-11-17
501,Mel,Mattei,2003-08-31
502,Rafaela,Bool,1981-10-25
503,Mariska,Picot,1997-02-13
504,Martainn,Cowl,1986-05-27
505,Briant,Kensit,1992-07-04
506,Genni,Spittle,1983-02-04
507,Georgi,Titcombe,1977-12-26
508,Wilma,Blackburne,1999-01-17
509,Heath,Petley,2002-07-07
510,Lanni,Tatersale,1981-12-24
511,Myrtie,Ratcliffe,1992-10-20
512,Mavis,Dericot,1985-10-20
513,Tasia,Edgett,2000-10-25
514,Melinda,Levane,1985-03-22
515,Edi,Pinsent,1989-04-07
516,Cammi,Hennemann,1990-11-24
517,Konstantine,Pert,1994-04-22
518,Phil,Harman,1998-08-27
519,Matilda,Gipps,1994-07-23
520,Emmeline,Fogel,1989-06-05
521,Katrine,Ranby,2002-11-02
522,Margarete,Fitchell,2000-02-22
523,Bogart,Langley,1984-04-21
524,Maisey,Yandle,1987-04-13
525,Curtice,Crews,1995-01-07
526,Karissa,Jeffryes,1991-06-24
527,Natka,McBoyle,1999-04-04
528,Wiatt,Wayt,1998-07-18
529,Tito,Halwell,1978-12-16
530,Vivian,Prestland,2003-05-03
531,Daveta,Karchewski,1999-06-19
532,Anders,Newbery,1984-07-06
533,Katharina,Reeken,1997-02-21
534,Leah,Radolf,1999-03-01
535,Mercedes,Robottham,2004-08-31
536,Paulette,Kenington,1988-06-11
537,Elise,Goodboddy,1982-07-27
538,Tabby,Wrenn,1980-12-06
539,Andrus,Kluss,1982-12-26
540,Ruthe,Krzysztofiak,2001-07-27
541,Sissy,Teodoro,1990-03-17
542,Dolley,Camock,1996-07-23
543,Feodor,Santen,1982-01-21
544,Simonette,Witherup,1984-03-15
545,Jorge,Haugeh,1990-12-21
546,Bronson,Holehouse,1979-04-06
547,Colette,Nobes,1996-05-16
548,Torrin,Swindlehurst,2003-09-04
549,Gavin,Leaman,1995-03-28
550,Beverlie,Tavener,1978-09-08
551,Wye,Hellin,1991-11-24
552,Lynnea,Tulley,1990-08-08
553,Wyn,Bold,1992-12-21
554,Hakeem,Benninger,2000-04-17
555,Talbert,Gittis,1994-11-02
556,Theressa,Messingham,1990-08-14
557,Farrand,Alessandrucci,1985-12-13
558,Ardith,Ranvoise,1982-09-29
559,Jannel,Sabey,1993-08-21
560,Leif,Gaenor,1986-03-14
561,Ermengarde,Stillgoe,1992-02-07
562,Corabelle,Habben,1986-01-20
563,Jobey,Speaks,2001-06-16
564,Tessi,Meale,1982-09-28
565,Fred,Giovannardi,2002-09-11
566,Genvieve,Walework,2002-01-01
567,Orelie,Sire,1992-05-24
568,Roselin,Hardway,1997-04-25
569,Nesta,Dawson,2001-01-10
570,Thebault,Torn,1997-04-07
571,Lemmie,Owlner,1991-05-24
572,Sisile,Mance,1985-11-24
573,Koenraad,Oswell,1990-11-16
574,Jenni,Dudding,1980-12-21
575,Dita,Hirsch,1998-08-17
576,Brok,Yankov,1999-01-24
577,Richie,Pharo,1979-12-06
578,Johnette,Shoesmith,1986-11-04
579,Inger,Duferie,1999-07-22
580,Aldus,Marcinkowski,2000-01-06
581,Deny,Dowdell,2002-06-19
582,Rufus,Seacroft,1979-04-05
583,Candice,Phillp,2004-11-20
584,Lanny,Redmond,1989-12-13
585,Muffin,Etteridge,1995-07-19
586,Kettie,Newrick,1982-06-22
587,Ricardo,Beckingham,2003-09-04
588,Vinnie,Attow,1993-02-13
589,Ange,Crasford,1999-03-01
590,Gilburt,Bamling,1995-12-18
591,Margaret,Pegler,1984-05-06
592,Lizbeth,Newborn,1980-09-28
593,Gianni,Garshore,1990-05-22
594,Mathian,Cawkill,1986-08-18
595,Maryjo,Wardrop,2000-08-24
596,Mel,Beining,1994-07-12
597,Darb,Hillaby,1982-01-16
598,Christel,Powys,1978-10-25
599,Myrlene,Jefferies,1978-07-21
600,Lew,Schouthede,1987-03-06
601,Ludvig,Precious,1994-07-13
602,Jess,Ashwell,1992-02-15
603,King,Cassy,1997-04-23
604,Josefina,Andren,1999-07-08
605,Stevie,Henker,1991-11-22
606,Chelsie,Tizard,1987-10-28
607,Basia,Sallowaye,1999-03-31
608,Caty,Whiten,1989-07-17
609,Phaedra,Phillps,1980-12-08
610,Norton,Jinkin,1981-01-17
611,Annabelle,Jenkins,1989-02-18
612,Berni,Klinck,1998-04-11
613,Stacey,Kitteringham,1979-09-18
614,Kurtis,Vela,1977-12-20
615,Lisetta,Player,1991-09-09
616,Mireielle,Phillipp,1980-12-01
617,Imelda,Sprigin,1992-06-20
618,Nicole,Middleweek,1987-06-28
619,Torey,Shakle,1987-03-28
620,Ambrosi,Bodega,1979-11-22
621,Sabina,Wadforth,1998-07-29
622,Chlo,Bevis,1983-12-02
623,Savina,Furnival,2004-06-11
624,Donnell,Willsmore,1999-08-26
625,Loise,Janew,1986-11-06
626,Andras,Phalp,1991-03-07
627,Stanleigh,Reynalds,1978-09-24
628,Ailsun,Mcettrick,1987-02-22
629,Timmy,Yokelman,1982-08-20
630,Darsie,Canland,1981-04-24
631,Antoine,Stowgill,1992-06-14
632,Serena,Barrand,1987-10-07
633,Hugh,Walkden,2003-07-05
634,Alphonse,Thurlby,1988-03-11
635,Kelvin,Robottom,1992-09-02
636,Mariele,Dunthorn,2004-04-18
637,Abe,Treffrey,1988-04-15
638,Sibbie,Cornill,2000-07-20
639,Eben,Klus,1981-04-24
640,Esma,Closs,1980-04-30
641,Dode,Whitnell,1991-06-17
642,Donielle,Hick,1984-06-16
643,Wrennie,Lindeboom,1998-02-06
644,Kare,Peinton,2000-01-29
645,Marigold,Hollow,1985-10-03
646,Selie,Bowkley,2000-05-01
647,Onfre,Hannond,1991-08-27
648,Ree,Nutter,2004-02-23
649,Dela,Abbes,2003-11-11
650,Lalo,Hofner,1983-11-23
651,Callida,Keslake,1991-08-09
652,Kirbee,Coch,1998-09-09
653,Towny,Cornil,1990-02-10
654,Briano,Amps,1982-08-16
655,Ericha,Measom,1982-04-01
656,Odie,Willden,1998-03-27
657,Della,Philipot,1988-09-01
658,Annadiana,Pratchett,2003-02-13
659,Chicky,Longfoot,1996-05-06
660,Myrah,Shallow,1986-04-19
661,Suzy,Cornford,1998-10-11
662,Maura,Castaner,1988-03-08
663,Wang,Tremlett,1988-09-06
664,Denver,Tanman,1993-11-21
665,Vaughan,Brinkworth,1996-12-14
666,Timotheus,Hargroves,1982-03-27
667,Austine,Giacomuzzo,1985-09-25
668,Mordecai,Aldwinckle,1984-01-02
669,Erin,McCorry,1978-02-09
670,Moina,Munby,1983-03-02
671,Hetti,Turnock,1978-03-20
672,Herby,Boschmann,1978-06-17
673,Avictor,Fishley,2000-08-17
674,Abramo,O'Scollain,1992-01-31
675,Siward,Cordie,1985-03-01
676,Brunhilde,Leggett,2001-11-15
677,Venita,Brisset,1991-06-01
678,Clint,Jeannon,1986-09-29
679,Doe,Strahan,1981-04-09
680,Drusy,MacRorie,1993-01-22
681,Margo,Rubinovitsch,1979-11-21
682,Lyell,Mugridge,2002-08-10
683,Dillie,Weeke,1994-06-21
684,Lesya,McGannon,1978-12-19
685,Dawn,Ammer,1999-08-09
686,Sapphire,Bohea,1981-05-13
687,Daren,Dogerty,2001-05-28
688,Scot,Bruford,1995-06-22
689,Raina,Hunton,1998-11-18
690,Daisey,Sproson,1997-07-27
691,Elli,Raeburn,1981-06-03
692,Christy,Robak,1997-10-24
693,Flss,Balden,1995-05-01
694,Em,Lilie,1996-10-27
695,Vally,Robilart,1997-02-12
696,Alia,Dominicacci,1992-10-28
697,Ardelle,Klambt,1984-12-16
698,Caritta,Cahill,1985-01-06
699,Rinaldo,Posen,1999-02-10
700,Gloriana,Twentyman,2001-07-26
701,Cly,Kilalea,1978-06-04
702,Ernesta,Blumer,1981-07-16
703,Pamela,Dubois,1993-01-14
704,Pippy,Goacher,1989-08-31
705,Nathaniel,Prior,1996-03-06
706,Sergio,Joyson,2001-01-19
707,Doloritas,Farress,1982-11-30
708,Tanitansy,Gopsall,1983-10-23
709,Scarlett,Dyball,1996-03-23
710,Bethany,Coston,1998-03-22
711,Ranice,Summerscales,2001-02-10
712,Minna,Ciccotto,1997-02-24
713,Gerladina,Danter,1979-11-29
714,Ambrosi,Raftery,1996-11-12
715,Milt,Canaan,1989-02-09
716,Bran,Marnes,2001-07-03
717,Kingsley,De'Vere - Hunt,1988-06-02
718,Tarrah,Devenport,2002-08-29
719,Franzen,Hustings,1981-05-23
720,Lorne,Roblin,2003-11-22
721,Lezlie,Shorte,1997-09-26
722,Bambi,Workes,2004-05-25
723,Alberta,Standbridge,1985-01-25
724,Clevie,Berthome,2004-02-26
725,Valera,Burgoine,1990-02-06
726,Constantine,Polini,2003-01-13
727,Sharai,Ciobotaro,1989-11-19
728,Sally,Linstead,1990-03-31
729,Aguste,Craster,1993-03-19
730,Aleece,Woods,1984-09-17
731,Dimitri,Markushkin,1977-08-24
732,Ashlin,Sisley,1998-09-10
733,Kaylee,Stickins,1996-08-19
734,Carin,McGivena,1992-06-11
735,Gaby,Stanistreet,1993-08-25
736,Cammy,Syred,1992-02-29
737,Freida,Seaman,1997-04-21
738,Isak,Bampkin,1988-11-19
739,Ellis,Imlen,1980-01-10
740,Lucita,Long,2004-03-14
741,Freddy,Blonden,1991-12-04
742,Dennison,Treleaven,1995-08-26
743,Brucie,Huxton,1990-01-19
744,Kele,Aarons,1996-07-08
745,Janean,Meredith,1992-05-02
746,Roselle,Lissenden,1984-07-23
747,Odilia,Drummer,1986-07-31
748,Christyna,Snellman,1988-12-27
749,Beulah,Aronoff,1990-12-20
750,Dee dee,Lain,1986-06-24
751,Judith,Pountain,1997-05-09
752,Kincaid,Gartell,1979-01-10
753,Penny,Downe,1983-12-28
754,Phineas,Gallienne,1979-07-08
755,Kellie,Sciacovelli,2004-10-01
756,Marcellus,Mountlow,1979-01-14
757,Bea,Prettyman,1997-07-24
758,Raimondo,Madgewick,1982-11-16
759,Grayce,Yanukhin,1990-02-24
760,Karel,Esplin,2001-01-16
761,Shannah,Townrow,1977-05-31
762,Bibby,Huygens,1986-05-13
763,Bartlet,Schruurs,1998-12-08
764,Allayne,Straffon,1990-03-21
765,Jillane,Voisey,2001-09-25
766,Consuelo,Van der Son,2001-07-10
767,Gregorio,Sparhawk,1995-02-03
768,Rolland,Laverock,1999-05-25
769,Donall,Strut,1980-12-30
770,Fanechka,Orrow,1998-11-01
771,Rog,Crittal,1981-01-08
772,Callean,Jozaitis,1989-02-12
773,Hewett,Benford,1997-07-31
774,Dierdre,Dominik,1978-07-28
775,Tallia,Neubigging,1986-04-22
776,Ashia,Riha,1995-03-01
777,Alfi,Gallimore,2000-11-21
778,Dionisio,Vasyagin,1994-05-22
779,Fredek,Brayshaw,1989-06-21
780,Concettina,Kment,1978-02-04
781,Ephrayim,Manchett,1986-04-11
782,Braden,Boutcher,1994-04-18
783,Ranice,Inch,1994-08-29
784,Roarke,Padden,1993-11-12
785,Sylvester,Laidlow,1999-07-22
786,Bartel,Holstein,1980-11-28
787,Reeta,Coull,2000-12-20
788,Hillel,Brecher,1980-06-15
789,Levon,McDuall,1994-01-23
790,Daniele,Grestie,2001-11-06
791,Barde,Elliot,1992-08-07
792,Odette,Meysham,1999-10-13
793,Meyer,Howard,1979-02-08
794,Dov,Kilgrew,1977-09-30
795,Osbourn,Byass,1995-05-26
796,Phillipe,Corkell,1986-09-28
797,Trent,Andrieux,1990-01-05
798,Jaymee,Lovie,2004-05-01
799,Lorilyn,Borrows,1989-05-03
800,Hort,Duffit,1991-10-19
801,Karine,Le Strange,1990-12-18
802,Godart,Flay,2003-04-02
803,Annalee,Hempshall,1980-01-07
804,Gregorius,Pablo,1987-07-01
805,Darby,Dimitriev,1990-11-03
806,Inga,Dorot,1981-02-28
807,Courtenay,Ormistone,1977-10-09
808,Robin,Barnish,2001-01-24
809,Amabel,Braganca,1984-08-09
810,Quinn,Fransoni,1987-07-06
811,Bryon,Vlies,1989-12-18
812,Colleen,Donisthorpe,1998-10-16
813,Nanine,Rutt,1990-03-24
814,Tiphany,Sunners,1982-08-03
815,June,Marte,1990-04-21
816,Anthia,Bourke,1993-02-06
817,Yul,Bawles,1977-09-06
818,Godwin,Keyse,2002-03-15
819,Jorry,Boch,2003-04-13
820,Audrey,Whyborne,2003-08-24
821,Oates,Beville,1984-04-20
822,Doris,Mounter,1994-10-02
823,Ephraim,Fordy,1978-12-09
824,Rorke,Element,2004-01-15
825,Nickie,Howsego,2002-01-11
826,Zak,Berge,1977-06-21
827,Giorgia,Naughton,1979-11-01
828,Nico,Boar,1994-02-23
829,Lorne,Taaffe,1977-12-27
830,Elke,Fewster,2004-02-06
831,Felecia,Ferraro,1977-11-20
832,Vitoria,Garrod,1999-08-01
833,Jakob,Wattam,1979-07-11
834,Tish,Le febre,1991-08-02
835,Marcia,Bernardi,1994-11-17
836,Bernardine,Yezafovich,1986-02-05
837,Gertie,Bownes,1992-07-27
838,Levey,Steiner,2002-03-03
839,Zelda,Higginbottam,1994-01-18
840,Garnet,Whitnell,1995-04-27
841,Brittaney,Izaac,1982-11-13
842,Claribel,Bowton,1977-11-03
843,Marlowe,Flude,1988-11-18
844,Winny,Gowland,1990-09-25
845,Deina,Halahan,1996-03-04
846,Delora,Longina,2002-06-11
847,Nadia,Bessett,1983-08-02
848,Doria,Jirousek,2003-03-18
849,Piggy,Davy,1984-08-18
850,Sally,Brozsset,1991-01-27
851,Robin,McEwen,1988-01-29
852,Devonne,Tieraney,1988-12-06
853,Hilda,Harborow,1994-10-11
854,Egbert,Pottage,1978-02-23
855,Agosto,Waycott,1988-06-12
856,Aura,Hamsson,1992-08-07
857,Agnesse,Have,1994-04-17
858,Aurie,Cumpton,1997-04-16
859,Rubin,Wedgbrow,1992-09-24
860,Tymothy,Artz,1978-04-01
861,Hyman,Corder,1988-11-28
862,Deny,von Grollmann,1990-06-15
863,Arly,Dingle,1980-10-29
864,Marylou,Lashley,1995-02-16
865,Broderick,Dowman,1986-04-28
866,Shayla,Doneld,1978-01-30
867,Lacie,Milington,1998-07-07
868,Gizela,Lorand,1989-11-14
869,Bobbi,Treeby,1994-02-27
870,Carlotta,O'Sesnane,2004-05-30
871,Vinnie,Galliford,1997-11-13
872,Natal,Fearnsides,2003-08-26
873,Melany,Gebbie,2000-03-18
874,Ingeberg,Beckmann,1977-08-23
875,Vanna,Esmonde,1989-05-24
876,Tate,Clipston,2000-10-18
877,Vincenz,Peebles,2002-02-15
878,Martha,Nockolds,1982-07-24
879,Hamish,Griffitts,1979-09-27
880,Anetta,Micklewright,1978-01-11
881,Derrik,Mapletoft,1981-12-11
882,Cinderella,Crosson,1982-02-23
883,Adriena,Caberas,1993-08-26
884,Myron,Marchenko,1999-10-31
885,Claudine,Bonome,1984-06-12
886,Ruthanne,Daniellot,2004-11-30
887,Windy,Omond,1990-09-18
888,Gordie,Louca,1984-04-17
889,Griz,Alldritt,1981-09-26
890,Kiri,Dilworth,1989-02-02
891,Serge,Sawer,1986-04-14
892,Brigid,Paule,1996-06-07
893,Aubry,Corps,1995-05-24
894,Evie,Breede,1996-05-28
895,Gavra,MacGillivrie,1980-08-24
896,Wilfred,Kittoe,1989-04-22
897,Carmelita,Burde,1981-06-28
898,Doralia,Rayburn,1977-01-24
899,Samaria,Feavearyear,1997-09-25
900,Odey,Hasted,1977-03-13
901,Sanson,Drewe,2002-07-16
902,Codie,Jurkiewicz,1994-01-26
903,Alvie,Smiths,1987-03-21
904,Maddalena,Challis,1997-10-07
905,Esme,Jackett,1987-01-24
906,Lorri,Woolf,1979-09-18
907,Happy,Aldins,1986-09-30
908,Nonnah,Sullly,1983-06-30
909,Jobina,Allridge,1998-12-25
910,Alf,Ockendon,1998-10-08
911,Tab,Bramstom,2003-06-04
912,Corene,Dady,1985-12-21
913,Gardie,Domenget,1982-11-20
914,Emmalynn,Coleiro,1982-02-18
915,Madison,Amphlett,1982-10-23
916,Kiel,Chapling,1993-02-16
917,Tate,Pond,1982-01-11
918,Sharon,Yurocjhin,1991-07-21
919,Cynthia,Forten,1998-07-07
920,Debor,Pengelly,1994-01-18
921,Sonnie,Lytlle,1990-04-28
922,Doe,Hain,1997-10-03
923,Whittaker,Nerheny,1980-06-23
924,Reade,St. Queintain,1989-04-08
925,Ugo,Sexcey,1989-11-24
926,Gussi,Gippes,1984-10-31
927,Emile,Schulze,1998-07-29
928,Larry,Pollitt,1982-12-18
929,Coralie,Skeemer,1986-03-16
930,Nanny,Bernadzki,1977-12-11
931,Raleigh,Weetch,1987-01-16
932,Dru,Hayesman,1979-06-13
933,Thorsten,Yonnie,1986-02-27
934,Pooh,Escala,1985-06-16
935,Lorene,Warrior,1977-11-14
936,Mylo,Klosa,1982-01-06
937,Innis,Durbridge,1995-12-13
938,Andeee,Cole,1998-01-09
939,Gilburt,Gateley,1979-08-16
940,Lonni,Bobasch,2001-01-31
941,Myranda,Sayce,1997-05-28
942,Barbey,Padwick,1991-08-25
943,Ernesto,Deetch,2000-03-08
944,Nap,Tumielli,1993-12-24
945,Dewitt,Cescon,1981-02-02
946,Conway,Otteridge,1991-09-28
947,Virgie,Reboulet,1979-04-18
948,Sophronia,Worcester,1983-09-14
949,Sidnee,Feare,2000-05-10
950,Lutero,Dugdale,1978-12-13
951,Marj,Scuffham,1995-03-15
952,Caitrin,Heckner,1981-05-07
953,Lina,Lansdale,1996-12-14
954,Benedicta,Tarney,1989-08-13
955,Josepha,Seegar,1996-11-18
956,Jackie,Armytage,1984-12-18
957,Fitz,Diglin,1979-04-02
958,Lotte,Scholtz,1998-03-10
959,Selig,Hardway,1988-08-04
960,Jervis,Genney,1978-12-08
961,Miquela,Want,1986-06-08
962,Karla,Oneill,2001-07-11
963,Neda,Wellen,1996-07-06
964,Caroline,Overington,1978-03-12
965,Butch,Birdall,2002-08-09
966,Homerus,Birkmyre,2000-10-22
967,Brad,Wheal,1996-11-07
968,Rodge,Raccio,2003-04-10
969,Jephthah,Shillitto,1981-10-14
970,Britte,Knights,1987-09-24
971,Anson,Haslehurst,1989-07-04
972,Rhiamon,Wreak,1982-08-27
973,Kaylyn,Elloy,1999-04-30
974,Cary,Rugge,2000-11-10
975,Steffie,Colville,1979-07-06
976,Con,Potebury,1993-11-11
977,Davita,Littleproud,1986-12-07
978,Boony,Goggin,1979-10-16
979,Durand,Wehnerr,1989-02-05
980,Lorain,Sainter,2003-10-16
981,Nickie,Caulcutt,2003-11-22
982,Floria,Tulleth,1979-03-10
983,Erastus,Garrish,1988-07-29
984,Silvia,Elvidge,1982-12-21
985,Benn,Pacheco,1997-06-15
986,Marisa,Pengelly,1990-02-14
987,Derek,Donoghue,1981-11-19
988,Obediah,Marlon,1989-09-19
989,Laurens,Margrem,1985-09-22
990,Bing,Hylands,1995-07-27
991,Leigh,Winfield,1984-01-08
992,Iorgos,Trench,1991-04-21
993,Erda,Knowles,1989-08-26
994,Brandi,Bramwich,1990-08-20
995,Marcello,Qualtrough,1979-06-23
996,Rosabel,Ruckert,1987-10-25
997,Hatti,Munnion,1993-08-11
998,Joletta,Gypps,1985-08-14
999,Stephen,Walasik,1997-05-29
1000,Tally,Baggallay,2002-04-13
